Date_time,Real Data,AR,LSTM univariado
2018-03-22 09:00:00,711.31,582.1865361000001,587.3847764968872
2018-03-22 10:00:00,913.84,783.60463099,816.8524189174176
2018-03-22 11:00:00,1039.73,939.1517417299999,896.5443174040317
2018-03-22 12:00:00,450.46,1037.3486742299997,865.5697135484219
2018-03-22 13:00:00,760.13,504.0759032499999,459.56410994768146
2018-03-22 14:00:00,503.14,556.4874692799998,586.4576302671433
2018-03-22 15:00:00,309.16,240.37895036000006,337.3926547980309
2018-03-22 16:00:00,38.48,170.42788030999998,187.22847773194314
2018-03-22 17:00:00,60.23,64.66240785,45.51777609854937
2018-03-23 08:00:00,230.37,319.76255838000003,387.7604054456949
2018-03-23 09:00:00,279.91,529.0134647200001,500.5637797540426
2018-03-23 10:00:00,527.46,563.9451141200001,477.8753529292345
2018-03-23 11:00:00,493.07,736.8257060899998,572.8862229913474
2018-03-23 12:00:00,83.37,573.1083932500001,490.99962833404544
2018-03-23 13:00:00,57.52,340.24384684,245.95698569118977
2018-03-23 14:00:00,64.92,162.00801998000003,180.25272031098604
2018-03-23 15:00:00,57.46,56.59659125000003,132.20562500193716
2018-03-23 16:00:00,34.26,40.60009872000002,87.94291049525143
2018-03-23 17:00:00,57.5,90.64067644,107.83329122543336
2018-03-24 08:00:00,316.87,266.20006423999996,312.19725311279296
2018-03-24 09:00:00,689.95,521.7873479599999,437.90742364883425
2018-03-24 10:00:00,984.06,734.2082260000001,642.7278924143314
2018-03-24 11:00:00,472.04,831.68576159,754.6710048723221
2018-03-24 12:00:00,86.99,279.7760632499999,410.0870199608803
2018-03-24 13:00:00,39.13,201.33690365,195.24577046245338
2018-03-24 14:00:00,55.12,67.81097770999999,116.10458368331194
2018-03-24 15:00:00,310.31,109.06883855999999,78.03936982378364
2018-03-24 16:00:00,362.81,237.38785928000004,143.33667069107295
2018-03-24 17:00:00,72.38,325.56473911999996,195.76057379364968
2018-03-25 08:00:00,540.08,322.70230214,276.89912683546544
2018-03-25 09:00:00,780.07,687.7186834,564.7780311709643
2018-03-25 10:00:00,848.35,813.4048979199998,716.1882796168328
2018-03-25 11:00:00,558.5,626.10568119,668.4910417342186
2018-03-25 12:00:00,566.89,249.70637578999998,405.78644531786443
2018-03-25 13:00:00,419.72,335.3785356699999,398.37242380321027
2018-03-25 14:00:00,652.5,312.36112518000004,274.2526637622714
2018-03-25 15:00:00,759.48,517.65470127,355.0963063645363
2018-03-25 16:00:00,175.17,527.2762629300001,356.57682288587097
2018-03-25 17:00:00,35.42,190.33832664,108.25058398783207
2018-03-26 08:00:00,526.43,356.34384581999996,324.4084447985888
2018-03-26 09:00:00,747.64,716.4266124999999,648.0160261130333
2018-03-26 10:00:00,930.03,844.59467372,800.3353354203701
2018-03-26 11:00:00,781.69,664.5014278599999,799.4063701593876
2018-03-26 12:00:00,239.57,510.9931880999999,596.1295592880249
2018-03-26 13:00:00,183.19,260.12715550999997,306.9301781988144
2018-03-26 14:00:00,476.99,318.34217308,198.33000789016486
2018-03-26 15:00:00,381.56,465.38994656,318.9234009683132
2018-03-26 16:00:00,103.45,274.6179480999999,214.5656662657857
2018-03-26 17:00:00,47.18,108.96626802000003,71.0661266887933
2018-03-27 08:00:00,450.29,371.15696633000005,366.5899951708317
2018-03-27 09:00:00,744.87,694.1505353399998,636.7532843112946
2018-03-27 10:00:00,982.84,829.3720330500001,822.3373578035831
2018-03-27 11:00:00,777.73,729.3402635899998,873.2420374989509
2018-03-27 12:00:00,659.91,519.58155312,647.1663286364079
2018-03-27 13:00:00,400.8,507.69991315999994,546.4360395652055
2018-03-27 14:00:00,713.94,441.73514931999995,336.70425641834737
2018-03-27 15:00:00,442.42,569.5643922800001,450.17664942741396
2018-03-27 16:00:00,54.72,207.46806562,208.59565821290016
2018-03-27 17:00:00,66.5,86.53470658999996,45.95133957065642
2018-03-28 08:00:00,256.77,384.05777385,386.6003532546759
2018-03-28 09:00:00,676.37,602.7859303300002,505.7053764939308
2018-03-28 10:00:00,706.23,848.7989853199998,778.2827999389172
2018-03-28 11:00:00,736.22,637.4069961899997,725.0703293037415
2018-03-28 12:00:00,1030.3,547.8296204099997,630.4816843771935
2018-03-28 13:00:00,308.66,740.5816099199997,728.500882294178
2018-03-28 14:00:00,497.72,400.8415387500001,282.1943267709017
2018-03-28 15:00:00,147.91,357.4326174600001,360.27193997740744
2018-03-28 16:00:00,78.1,9.462201830000005,95.16134242504836
2018-03-28 17:00:00,11.65,122.43227644999996,48.48395140260458
2018-03-29 08:00:00,203.97,260.46408503,366.0027279317379
2018-03-29 09:00:00,333.09,548.5169514699999,465.76361327826976
2018-03-29 10:00:00,471.66,614.19045448,505.86950908184053
2018-03-29 11:00:00,391.52,573.20607464,530.5556519830227
2018-03-29 12:00:00,548.28,529.91018373,409.85418396234513
2018-03-29 13:00:00,457.8,424.41051326,443.70415148556236
2018-03-29 14:00:00,205.05,484.23691828,351.2057483589649
2018-03-29 15:00:00,156.21,100.72177360999999,186.07766062259674
2018-03-29 16:00:00,38.75,71.55244826999997,104.19229031324387
2018-03-29 17:00:00,34.8,87.99058836,52.62787072554231
2018-03-30 08:00:00,294.96,214.28471191000008,335.81558969557284
2018-03-30 09:00:00,453.29,477.26530354000005,506.78423692524433
2018-03-30 10:00:00,572.33,578.2096322900001,577.7368097144365
2018-03-30 11:00:00,584.63,599.8665678300001,573.076801494956
2018-03-30 12:00:00,670.01,658.3718765599999,495.73691039979457
2018-03-30 13:00:00,456.01,461.9406411499999,490.4241148352623
2018-03-30 14:00:00,140.15,381.04929044999994,327.43094010829924
2018-03-30 15:00:00,30.36,73.43770353999997,128.19044586583973
2018-03-30 16:00:00,40.35,33.63470558,48.44862021893263
2018-03-30 17:00:00,25.47,114.03637896000001,45.206542477235196
2018-03-31 08:00:00,263.53,248.26073142999996,303.41888820648194
2018-03-31 09:00:00,157.69,423.94461038999987,461.6106600165367
2018-03-31 10:00:00,240.54,400.79413792,361.0011965972185
2018-03-31 11:00:00,527.68,414.6552915399999,335.76045905649664
2018-03-31 12:00:00,388.45,578.9916287699999,443.7727499520779
2018-03-31 13:00:00,241.87,364.6115974400001,317.97981349468233
2018-03-31 14:00:00,72.83,158.03874933999998,214.7374597737193
2018-03-31 15:00:00,33.92,42.024771129999976,104.83836998060346
2018-03-31 16:00:00,84.05,61.03206512,62.01506014019251
2018-03-31 17:00:00,54.5,146.8281990600001,74.51776907265186
2018-04-01 08:00:00,220.24,240.85972009999995,312.1923907023668
2018-04-01 09:00:00,818.78,330.84650882000005,386.53602251529696
2018-04-01 10:00:00,745.1,751.3420685499998,779.7695781254769
2018-04-01 11:00:00,194.8,704.89103815,644.8868026435375
2018-04-01 12:00:00,195.07,308.09867722999996,320.8102261018753
2018-04-01 13:00:00,230.79,196.05216260999993,247.07283892124892
2018-04-01 14:00:00,34.78,131.60435414,180.80402670174837
2018-04-01 15:00:00,17.62,56.14374372000002,60.01374972805381
2018-04-01 16:00:00,64.51,95.69258017000003,55.085237630680204
2018-04-01 17:00:00,36.78,159.97150092,117.63870915412903
2018-04-02 08:00:00,269.17,289.86077672,285.1531559872627
2018-04-02 09:00:00,402.66,477.4563873,389.49460686206817
2018-04-02 10:00:00,407.91,489.99093239000007,468.99274354040625
2018-04-02 11:00:00,538.67,416.44455089999997,411.56652202248574
2018-04-02 12:00:00,261.45,395.0411434999998,419.66771756887437
2018-04-02 13:00:00,104.09,200.43268294000006,238.34087680220605
2018-04-02 14:00:00,112.98,106.19961354,120.16299979269505
2018-04-02 15:00:00,66.17,99.46978054000003,89.44386488199234
2018-04-02 16:00:00,104.24,94.65633568000003,58.96008900113404
2018-04-02 17:00:00,81.29,188.27697009000002,104.6522603470087
2018-04-03 08:00:00,345.6,307.43152703000004,327.2118517881632
2018-04-03 09:00:00,748.01,572.3405512900001,462.1085148739815
2018-04-03 10:00:00,832.95,690.2074618799999,692.5720069348812
2018-04-03 11:00:00,684.7,612.0000556399999,649.5800431644917
2018-04-03 12:00:00,157.66,475.45125942000004,527.7997496938706
2018-04-03 13:00:00,630.72,134.19594316999996,232.44438209831716
2018-04-03 14:00:00,549.85,403.40898977999996,395.10215544998647
2018-04-03 15:00:00,38.04,343.01558663,273.81060418993235
2018-04-03 16:00:00,122.88,111.76909846,63.26921221643686
2018-04-03 17:00:00,14.9,173.46682398999997,76.94802104339004
2018-04-04 08:00:00,208.65,281.07403751,310.9540502053499
2018-04-04 09:00:00,398.14,522.39743404,425.8288113552332
2018-04-04 10:00:00,616.08,534.1939913699999,520.6881771039963
2018-04-04 11:00:00,752.56,615.45581288,599.5474490225315
2018-04-04 12:00:00,153.59,506.55153662999976,597.6478207075596
2018-04-04 13:00:00,114.85,236.22555384999995,258.58641463637355
2018-04-04 14:00:00,130.2,186.54757046999998,175.64040918946267
2018-04-04 15:00:00,190.2,78.10011594000001,122.44085542514921
2018-04-04 16:00:00,66.48,169.82982363,113.05948166325689
2018-04-04 17:00:00,7.58,82.77451891000001,57.424835381135345
2018-04-05 08:00:00,203.87,275.13373813000004,317.6042185252905
2018-04-05 09:00:00,362.73,503.58412448,425.0945873808861
2018-04-05 10:00:00,441.03,533.5691762800001,484.2377644997835
2018-04-05 11:00:00,227.07,510.3896759599999,466.4240965247154
2018-04-05 12:00:00,119.48,143.25488976000003,292.75758109867576
2018-04-05 13:00:00,149.12,254.28193917999997,203.0840635228157
2018-04-05 14:00:00,424.76,187.80461876999993,165.40120478242636
2018-04-05 15:00:00,428.02,291.49015438999993,228.84897940188648
2018-04-05 16:00:00,226.58,328.40359149999995,212.2058580288291
2018-04-05 17:00:00,140.6,177.97976495,114.00526421785355
2018-04-06 08:00:00,349.5,269.23710079,233.8006972655654
2018-04-06 09:00:00,556.5,483.1636087999999,436.1233737802506
2018-04-06 10:00:00,683.55,594.58609268,617.0682179868221
2018-04-06 11:00:00,705.55,562.5404953099999,656.935925642252
2018-04-06 12:00:00,627.51,414.84577615999996,561.1828208720684
2018-04-06 13:00:00,455.31,477.29711262999996,459.66296729922294
2018-04-06 14:00:00,255.13,439.4785781800001,334.2054671984911
2018-04-06 15:00:00,90.62,283.60379667000007,200.51071151286365
2018-04-06 16:00:00,57.94,107.91398927,81.65600621178747
2018-04-06 17:00:00,29.13,120.61837273999998,62.50622043795884
2018-04-07 08:00:00,319.24,255.02719043000008,323.8533954012394
2018-04-07 09:00:00,758.55,508.73709872999996,486.5893171334267
2018-04-07 10:00:00,881.57,755.6476909499996,731.2718265724183
2018-04-07 11:00:00,563.73,711.7660926499998,706.5593776810169
2018-04-07 12:00:00,590.87,466.27833936,477.3198487740755
2018-04-07 13:00:00,320.1,459.7323739199999,477.6888322645426
2018-04-07 14:00:00,407.09,290.21445009999997,275.6215372413397
2018-04-07 15:00:00,229.56,291.24576022,275.71367816984656
2018-04-07 16:00:00,38.78,139.08693164999997,130.85229199647904
2018-04-07 17:00:00,51.01,122.94421602999998,65.33817222543061
2018-04-08 08:00:00,336.54,313.61819058000003,355.95254535734654
2018-04-08 09:00:00,487.75,597.6202200099999,554.2271252667904
2018-04-08 10:00:00,796.15,667.3218415800002,626.3728426229953
2018-04-08 11:00:00,950.55,725.00302617,750.1896814906597
2018-04-08 12:00:00,666.26,748.6296580699998,740.482491248846
2018-04-08 13:00:00,417.3,473.69826383999987,522.3960025674105
2018-04-08 14:00:00,289.4,328.1859498699999,347.529975965023
2018-04-08 15:00:00,566.3,158.09675137000005,206.0093106240034
2018-04-08 16:00:00,384.65,342.9107722199999,292.2297122257948
2018-04-08 17:00:00,116.69,289.2648382599999,153.21334567040205
2018-04-09 08:00:00,252.44,330.79235082,360.52667431354524
2018-04-09 09:00:00,428.96,531.5185122800001,460.2945909154415
2018-04-09 10:00:00,684.14,671.34830094,574.0378096908331
2018-04-09 11:00:00,849.67,691.1214170000001,724.2272083246708
2018-04-09 12:00:00,738.26,706.1128294499999,758.2691885876656
2018-04-09 13:00:00,649.24,529.4947086799998,605.0998319900036
2018-04-09 14:00:00,310.2,499.92160461000003,514.9377646011114
2018-04-09 15:00:00,298.92,288.0434831,272.013576233089
2018-04-09 16:00:00,346.67,227.92242126,197.37066130936145
2018-04-09 17:00:00,59.61,247.20664228000007,172.6056529095769
2018-04-10 08:00:00,411.34,217.55657149000004,370.34083758473395
2018-04-10 09:00:00,756.35,541.50808703,618.2843103325367
2018-04-10 10:00:00,861.43,860.3322705799999,854.7760719180108
2018-04-10 11:00:00,790.09,896.8320306099996,832.6893946194649
2018-04-10 12:00:00,652.64,648.66674896,671.2574384343625
2018-04-10 13:00:00,324.2,513.85384325,552.4600063812733
2018-04-10 14:00:00,246.3,261.56452085,322.7362303698063
2018-04-10 15:00:00,62.48,293.12091698000006,234.80754854679108
2018-04-10 16:00:00,44.24,110.41599434999999,117.39707534104586
2018-04-10 17:00:00,38.75,85.97381890999995,64.36096765525639
2018-04-11 08:00:00,292.89,283.12874663,355.3010873043537
2018-04-11 09:00:00,595.86,541.91910847,506.1979841458798
2018-04-11 10:00:00,515.16,766.5673057399999,668.5777955317498
2018-04-11 11:00:00,441.43,642.96868988,533.5912653064728
2018-04-11 12:00:00,350.8,447.3434833599999,429.1615914165974
2018-04-11 13:00:00,564.02,300.65323738000006,327.1952356374264
2018-04-11 14:00:00,341.85,385.35763241,387.3751206368208
2018-04-11 15:00:00,52.16,213.4427281300001,225.98432003349066
2018-04-11 16:00:00,85.27,93.22113881000004,109.16288937136531
2018-04-11 17:00:00,78.44,110.83381087000001,50.95318573750556
2018-04-12 08:00:00,511.51,333.76317924999995,363.8644916921854
2018-04-12 09:00:00,747.2,689.94781891,656.7240085029603
2018-04-12 10:00:00,876.78,734.0598891100001,792.4836270046235
2018-04-12 11:00:00,926.92,752.5465784399996,761.9516074419022
2018-04-12 12:00:00,731.09,703.9605798099999,701.9189590287209
2018-04-12 13:00:00,572.09,550.3005710699998,536.3051549702883
2018-04-12 14:00:00,296.76,395.01272873000005,398.9082334470749
2018-04-12 15:00:00,93.37,130.40847451,178.02015680730344
2018-04-12 16:00:00,244.02,80.67212861,49.474689390286805
2018-04-12 17:00:00,186.23,264.97477111000006,81.71270226716996
2018-04-13 08:00:00,506.17,443.52483065,410.65805584430694
2018-04-13 09:00:00,729.23,704.1202876599997,634.8564545059204
2018-04-13 10:00:00,862.33,752.3212883099999,769.1722519433498
2018-04-13 11:00:00,857.08,807.0266382199999,768.0862203311921
2018-04-13 12:00:00,783.85,687.7096600299999,673.0779388904572
2018-04-13 13:00:00,810.37,620.5500447199998,582.4709784382582
2018-04-13 14:00:00,756.32,486.2323197300001,537.7676910674572
2018-04-13 15:00:00,509.57,388.43485855999984,428.33620599210263
2018-04-13 16:00:00,215.77,358.76874032,257.94695519328116
2018-04-13 17:00:00,89.71,227.20170051000005,105.58306212991477
2018-04-14 08:00:00,469.04,383.87638962000005,412.1583718210459
2018-04-14 09:00:00,720.4,667.4966308000004,661.2130277860165
2018-04-14 10:00:00,761.79,824.1279814799997,828.28684928298
2018-04-14 11:00:00,1019.78,810.8001798499997,762.01730245471
2018-04-14 12:00:00,1124.14,857.5719598599997,837.131958643198
2018-04-14 13:00:00,705.77,872.5307082300001,795.1069499015808
2018-04-14 14:00:00,151.58,527.3566119699999,505.31323533654216
2018-04-14 15:00:00,76.1,90.35532529000001,164.60445160925389
2018-04-14 16:00:00,47.88,80.11772783999997,121.87216329351068
2018-04-14 17:00:00,10.67,105.81431474999997,149.08932200163602
2018-04-15 08:00:00,565.15,319.60173404000005,372.49694930434225
2018-04-15 09:00:00,799.8,730.66774135,736.4194750893116
2018-04-15 10:00:00,951.85,877.3413093900001,868.8331955158711
2018-04-15 11:00:00,796.87,973.3109042700003,838.9000570070743
2018-04-15 12:00:00,800.86,768.6307617900001,661.4460736727715
2018-04-15 13:00:00,652.16,657.9264457200001,620.4989109027385
2018-04-15 14:00:00,433.14,401.9271312199999,459.87051176726817
2018-04-15 15:00:00,433.53,206.67738015999993,286.1454899999499
2018-04-15 16:00:00,249.23,238.7709596100001,223.95870631456376
2018-04-15 17:00:00,80.26,244.29038901999996,88.07510509237648
2018-04-16 08:00:00,314.88,399.3705803199999,395.8652040731907
2018-04-16 09:00:00,393.92,580.5440576799999,550.7154854607583
2018-04-16 10:00:00,663.85,658.0904079000002,576.5930938231945
2018-04-16 11:00:00,924.09,797.1014597699999,692.2701177120209
2018-04-16 12:00:00,836.05,855.9227802599997,783.7319179022312
2018-04-16 13:00:00,421.86,635.6099188799999,637.0842780339718
2018-04-16 14:00:00,511.54,260.85158408,369.87995803534983
2018-04-16 15:00:00,139.68,337.43746014,357.43963837623596
2018-04-16 16:00:00,247.58,87.57071114000001,113.06392429724336
2018-04-16 17:00:00,30.99,218.9053602399999,119.19815239146352
2018-04-17 08:00:00,542.1,279.95551259999996,352.6744761586189
2018-04-17 09:00:00,734.05,662.0837431199998,716.565798561573
2018-04-17 10:00:00,994.61,832.7513453799997,848.3476854836941
2018-04-17 11:00:00,757.76,944.6413288999998,916.5495332264901
2018-04-17 12:00:00,503.99,698.22263387,650.0641853249073
2018-04-17 13:00:00,649.34,425.12597279,474.7951733404398
2018-04-17 14:00:00,214.93,481.58377590999993,484.56788368821145
2018-04-17 15:00:00,327.71,144.39163001000003,183.16269804418087
2018-04-17 16:00:00,34.38,282.47931590999997,194.03968278855086
2018-04-17 17:00:00,16.2,48.99729213999997,63.623236798569565
2018-04-18 08:00:00,438.58,336.03313051,351.97295976519587
2018-04-18 09:00:00,769.37,611.4232889399997,647.2181010639667
2018-04-18 10:00:00,917.04,890.3095049100001,853.2012106418609
2018-04-18 11:00:00,1020.49,864.65423961,832.5324681937694
2018-04-18 12:00:00,897.82,781.1609235700003,787.1152460432053
2018-04-18 13:00:00,288.67,630.5123850399997,657.1366487431526
2018-04-18 14:00:00,318.76,228.06387677999993,267.0596545431018
2018-04-18 15:00:00,300.87,191.16850417999993,224.96064271330835
2018-04-18 16:00:00,197.25,179.17104488999993,151.04439578801393
2018-04-18 17:00:00,33.39,196.34146662000006,59.35726310312748
2018-04-19 08:00:00,456.17,377.85660641,388.16695892751216
2018-04-19 09:00:00,617.79,704.9962717799999,665.3134040486813
2018-04-19 10:00:00,753.79,832.73112555,755.2179735732079
2018-04-19 11:00:00,423.69,780.29760684,738.4427975285054
2018-04-19 12:00:00,506.39,412.8054511900001,461.2111377900839
2018-04-19 13:00:00,423.85,428.0927782099999,450.6733149182797
2018-04-19 14:00:00,449.74,274.05711177999984,332.6342090034485
2018-04-19 15:00:00,269.71,339.6834358,300.14431714475154
2018-04-19 16:00:00,140.57,165.72916865999994,141.9821133376658
2018-04-19 17:00:00,43.25,163.96155173999995,66.76538588427007
2018-04-20 08:00:00,556.38,328.67774461999994,381.7145402920246
2018-04-20 09:00:00,776.75,713.53039975,735.2002344202996
2018-04-20 10:00:00,983.53,839.25476621,871.0860657048225
2018-04-20 11:00:00,706.8,827.30534229,880.9317821717262
2018-04-20 12:00:00,679.45,593.46352038,616.5366410887242
2018-04-20 13:00:00,795.18,465.59256072999995,557.3218571054936
2018-04-20 14:00:00,590.13,605.5108759899998,541.8060803425312
2018-04-20 15:00:00,288.59,386.37910905999996,352.12666790485383
2018-04-20 16:00:00,144.89,186.55846196000002,152.68213607668878
2018-04-20 17:00:00,53.39,150.38487211999993,53.87362290032208
2018-04-21 08:00:00,521.64,405.70046469,389.3476151454449
2018-04-21 09:00:00,722.27,701.0136199799999,717.9963267052174
2018-04-21 10:00:00,899.97,810.1324128699999,843.3717954933644
2018-04-21 11:00:00,1005.08,732.0377695600002,848.234485770464
2018-04-21 12:00:00,814.0,826.9580465199999,792.5758378958702
2018-04-21 13:00:00,891.63,679.55174144,626.1658228754998
2018-04-21 14:00:00,260.07,657.7731994899997,625.6484484136105
2018-04-21 15:00:00,64.17,118.25232500999996,192.57043026834728
2018-04-21 16:00:00,82.15,31.37112658999998,67.61369285143913
2018-04-21 17:00:00,69.01,105.68366999000003,32.32427912157029
2018-04-22 08:00:00,551.49,436.35792316,396.267944585681
2018-04-22 09:00:00,755.31,740.5848220100002,715.919622695446
2018-04-22 10:00:00,919.41,870.6976998899997,832.7532706010342
2018-04-22 11:00:00,836.94,883.2660221999997,825.7506299972534
2018-04-22 12:00:00,623.55,748.8824324200001,678.6729291665554
2018-04-22 13:00:00,497.17,609.8736785799998,515.2739705479145
2018-04-22 14:00:00,174.54,290.13888394,387.42000173449514
2018-04-22 15:00:00,207.95,41.694065989999984,156.44875508844854
2018-04-22 16:00:00,55.58,134.18874703000003,108.90588999152183
2018-04-22 17:00:00,70.32,131.50862326,38.987445206791165
2018-04-23 08:00:00,283.5,439.02555603,392.91784874618054
2018-04-23 09:00:00,396.31,566.2148111799999,509.85094868659974
2018-04-23 10:00:00,750.46,664.1301204900001,539.4702343440056
2018-04-23 11:00:00,1017.24,818.8421326,706.3746060848237
2018-04-23 12:00:00,700.12,800.0882781,789.3124958539009
2018-04-23 13:00:00,494.47,576.00570893,537.1257479470968
2018-04-23 14:00:00,727.2,231.03464600999996,397.0646103054285
2018-04-23 15:00:00,309.04,414.52902681,444.25412858426574
2018-04-23 16:00:00,147.95,184.89679709,158.40500075072052
2018-04-23 17:00:00,56.26,170.51257611999998,67.76774643212558
2018-04-24 08:00:00,536.16,295.30713004999996,354.01636151075365
2018-04-24 09:00:00,745.91,680.4906133399999,717.3576368522645
2018-04-24 10:00:00,902.63,867.9118248000001,868.2206017649174
2018-04-24 11:00:00,919.62,901.7374961699998,861.4430312955379
2018-04-24 12:00:00,587.0,739.2924068799996,742.8781553900242
2018-04-24 13:00:00,538.2,491.61831132999987,495.65750268995765
2018-04-24 14:00:00,427.89,413.73565396000015,402.7620959955454
2018-04-24 15:00:00,379.42,274.2912428899999,283.4961759451032
2018-04-24 16:00:00,298.33,249.56261640999998,191.70304970920085
2018-04-24 17:00:00,58.11,223.77039919000003,120.48948091864587
2018-04-25 08:00:00,424.03,312.1189616600001,368.291349080801
2018-04-25 09:00:00,714.05,633.7144552900002,638.6070870316029
2018-04-25 10:00:00,480.4,846.5128263400001,823.9858198821545
2018-04-25 11:00:00,578.55,635.7626428799998,565.4071011471749
2018-04-25 12:00:00,219.37,510.31627017999995,542.0791798979044
2018-04-25 13:00:00,341.25,278.2531108300001,293.7583631122112
2018-04-25 14:00:00,394.64,410.55262743,308.0443348324299
2018-04-25 15:00:00,77.67,264.5218429399998,271.25985014498235
2018-04-25 16:00:00,109.63,104.03497445999997,88.76454416781664
2018-04-25 17:00:00,71.58,141.79853761999996,72.69632849223912
2018-04-26 08:00:00,282.05,360.7551522299999,372.21356522619726
2018-04-26 09:00:00,493.01,549.3277804299998,480.33310900211336
2018-04-26 10:00:00,596.11,584.15000472,583.0775204122067
2018-04-26 11:00:00,518.72,609.80645337,579.2267012429237
2018-04-26 12:00:00,467.49,384.16413773000005,461.65333728790284
2018-04-26 13:00:00,591.56,448.30946230999996,389.65534625709057
2018-04-26 14:00:00,255.94,479.7570764999998,404.8004604238272
2018-04-26 15:00:00,317.8,183.23106770000004,188.64340418457985
2018-04-26 16:00:00,187.21,258.44040408999996,175.58576828956603
2018-04-26 17:00:00,34.08,159.51594489,76.4243236988783
2018-04-27 08:00:00,424.74,306.02968875999994,351.1670239824057
2018-04-27 09:00:00,579.82,594.5226328499999,608.0286821722984
2018-04-27 10:00:00,431.76,569.37646304,701.4381051170826
2018-04-27 11:00:00,525.97,503.62975206000004,508.76656119883063
2018-04-27 12:00:00,466.09,443.66707616000014,482.90542906165126
2018-04-27 13:00:00,717.11,470.17106285999995,392.13951326429844
2018-04-27 14:00:00,520.79,545.29415764,474.3321249461174
2018-04-27 15:00:00,371.65,327.5489179500001,291.78964659154417
2018-04-27 16:00:00,170.64,264.62939198,197.9412074536085
2018-04-27 17:00:00,23.97,171.21742797,85.47873534098268
2018-04-28 08:00:00,168.53,270.35505405,348.79490230321886
2018-04-28 09:00:00,344.71,383.68972793000006,437.7728503185511
2018-04-28 10:00:00,288.92,456.62390415000004,520.5550729912519
2018-04-28 11:00:00,133.84,419.1634791299999,431.0977752631903
2018-04-28 12:00:00,103.91,291.70990086,273.42579162955286
2018-04-28 13:00:00,175.03,368.5946160499999,207.7348016792536
2018-04-28 14:00:00,796.8,239.48588515000006,197.9704693695903
2018-04-28 15:00:00,400.24,593.9933272299999,557.5074332731963
2018-04-28 16:00:00,197.13,243.07814936999995,276.8995990839601
2018-04-28 17:00:00,36.67,163.4039447099999,150.50799146085978
2018-04-29 08:00:00,526.15,209.05918263000004,188.78486884474754
2018-04-29 09:00:00,710.78,552.82302612,567.2603441655637
2018-04-29 10:00:00,639.7,544.9466504499999,754.538775293827
2018-04-29 11:00:00,661.64,510.22340601999997,620.8794382452965
2018-04-29 12:00:00,548.28,522.98405839,556.401672168374
2018-04-29 13:00:00,158.0,574.5423278699999,426.4937022542954
2018-04-29 14:00:00,127.8,367.34556778999996,189.48283462911846
2018-04-29 15:00:00,26.2,171.00602958000002,139.2692031522095
2018-04-29 16:00:00,29.9,68.48597969999997,121.50675664812327
2018-04-29 17:00:00,25.71,97.01860112999998,180.36578009873628
2018-04-30 08:00:00,202.45,301.43722361000005,285.1033774977922
2018-04-30 09:00:00,347.21,463.76172484,356.56986159324646
2018-04-30 10:00:00,554.55,451.5383509999999,388.44369654536246
2018-04-30 11:00:00,774.17,481.1014962400001,422.2150609302521
2018-04-30 12:00:00,357.0,583.8800369900001,513.8724769413471
2018-04-30 13:00:00,602.22,281.7745552200001,314.9945733439922
2018-04-30 14:00:00,109.48,548.6334704100001,418.66140849888325
2018-04-30 15:00:00,22.57,13.001218229999978,122.39558953240514
2018-04-30 16:00:00,26.39,71.73666553999999,66.13911441765725
2018-04-30 17:00:00,18.58,78.48300108999999,38.293274901062254
2018-05-01 08:00:00,458.43,295.6779943199999,315.2212526214123
2018-05-01 09:00:00,725.51,601.8726048299999,609.8959877014161
2018-05-01 10:00:00,879.04,742.92968328,774.4292522227764
2018-05-01 11:00:00,885.84,837.7098904499996,757.4555918848515
2018-05-01 12:00:00,830.81,654.3565261399997,671.52504591465
2018-05-01 13:00:00,456.49,570.2399063800001,578.5887809801102
2018-05-01 14:00:00,269.46,232.32029951,313.7762072092295
2018-05-01 15:00:00,314.23,143.53770566999998,167.4909043711424
2018-05-01 16:00:00,73.55,202.12647269000004,133.1713207013905
2018-05-01 17:00:00,22.23,134.96049814999992,44.50809132635594
2018-05-02 08:00:00,301.01,311.75040068999994,317.5009885025024
2018-05-02 09:00:00,660.81,541.39277256,534.0779261255265
2018-05-02 10:00:00,708.51,800.5019986899998,758.5104201149941
2018-05-02 11:00:00,828.82,789.6158347300001,699.9564342105389
2018-05-02 12:00:00,695.54,653.0077882800001,672.8863809084893
2018-05-02 13:00:00,501.2,552.6985722000001,538.5885638952255
2018-05-02 14:00:00,293.11,276.2922833999999,367.9516449970007
2018-05-02 15:00:00,54.93,168.79097274000003,207.13362934559584
2018-05-02 16:00:00,45.1,32.16497848,55.83649753220379
2018-05-02 17:00:00,15.96,114.32367426999997,29.066182098761203
2018-05-03 08:00:00,500.51,295.66152105000003,352.65177324950696
2018-05-03 09:00:00,682.77,707.6478904400001,673.8232519590855
2018-05-03 10:00:00,897.12,804.2074757400001,770.9201310753823
2018-05-03 11:00:00,722.88,884.9804053600001,798.0289437353612
2018-05-03 12:00:00,755.77,633.1906688600001,600.7639611446857
2018-05-03 13:00:00,776.63,541.0909819500001,576.9884532666207
2018-05-03 14:00:00,211.29,476.0966017199999,515.8374854367971
2018-05-03 15:00:00,43.72,107.79234183000001,157.1247001004219
2018-05-03 16:00:00,183.98,15.68685865999997,40.78062521293759
2018-05-03 17:00:00,51.19,192.79502794999996,57.1669177403301
2018-05-04 08:00:00,529.59,361.10188502,349.62466039896015
2018-05-04 09:00:00,670.0,724.02370117,683.0216031932831
2018-05-04 10:00:00,897.49,773.08348202,765.8506309390068
2018-05-04 11:00:00,962.56,874.0729092199999,813.0063572144509
2018-05-04 12:00:00,657.21,801.7265470399999,737.6732073891163
2018-05-04 13:00:00,265.32,525.9946271900001,515.1592666357756
2018-05-04 14:00:00,434.93,134.15925188999995,255.86775001555682
2018-05-04 15:00:00,39.96,201.87743207000005,269.4733690711856
2018-05-04 16:00:00,20.74,50.544648050000006,41.89992410793901
2018-05-04 17:00:00,8.31,131.41947527,33.40611078299582
2018-05-05 08:00:00,432.49,376.63137967,365.0346185177565
2018-05-05 09:00:00,596.42,647.2643200399998,610.044588561058
2018-05-05 10:00:00,552.93,789.22227737,684.1955080068111
2018-05-05 11:00:00,922.47,651.56057493,558.5638706463576
2018-05-05 12:00:00,712.9,762.9528019699999,710.4016613960266
2018-05-05 13:00:00,664.88,517.5446655599999,510.64555050551894
2018-05-05 14:00:00,132.69,402.9016614799999,455.88973680853843
2018-05-05 15:00:00,57.26,-12.472606940000004,113.72111054956913
2018-05-05 16:00:00,89.42,109.92511755999999,69.65392878301442
2018-05-05 17:00:00,75.09,110.74913481999995,37.13846554286778
2018-05-06 08:00:00,191.13,383.66023433000004,365.0418946427107
2018-05-06 09:00:00,254.01,485.01643461000003,423.1771535485983
2018-05-06 10:00:00,493.43,538.10998832,422.34578630983833
2018-05-06 11:00:00,539.83,695.9675777999998,516.4330082792044
2018-05-06 12:00:00,753.87,532.53529992,481.01493088424206
2018-05-06 13:00:00,474.53,573.2342257699999,543.3400134158135
2018-05-06 14:00:00,410.11,301.6847827100001,348.80245827913285
2018-05-06 15:00:00,173.17,186.28260090999993,269.293967115283
2018-05-06 16:00:00,317.24,116.66861454999997,117.07614750757814
2018-05-06 17:00:00,13.85,277.52046618,144.08812299013138
2018-05-07 08:00:00,72.97,211.51209739,330.8244828093052
2018-05-07 09:00:00,133.51,295.06004162,369.27649442195894
2018-05-07 10:00:00,292.9,372.39020004,381.46103030383586
2018-05-07 11:00:00,409.35,578.4661770600001,430.6440319132805
2018-05-07 12:00:00,430.11,534.1719057600001,450.1040630847216
2018-05-07 13:00:00,362.49,432.49864378999996,397.7550026232004
2018-05-07 14:00:00,472.29,269.40134780999995,301.8202046173811
2018-05-07 15:00:00,146.84,319.15698871999996,313.2913304400444
2018-05-07 16:00:00,48.51,169.70949310999993,133.60268471986055
2018-05-07 17:00:00,10.44,59.08224141999999,69.57650189325214
2018-05-08 08:00:00,299.51,110.92784548,154.56549805462362
2018-05-08 09:00:00,569.03,337.15203599,492.301390054822
2018-05-08 10:00:00,785.66,603.16225561,671.0533571219445
2018-05-08 11:00:00,481.31,723.0304150399998,742.2657015645505
2018-05-08 12:00:00,215.1,538.3585517100001,469.41321960747246
2018-05-08 13:00:00,177.46,262.44997427999994,285.3197197803855
2018-05-08 14:00:00,333.72,261.05446286000006,198.0738742992282
2018-05-08 15:00:00,109.9,229.04840319,208.52978829324246
2018-05-08 16:00:00,71.0,149.16212803,99.87802920922637
2018-05-08 17:00:00,28.76,78.48215134999998,62.58685249574483
2018-05-09 08:00:00,386.7,224.59809828999994,169.8236195370555
2018-05-09 09:00:00,597.45,531.3374041799999,495.96484900653365
2018-05-09 10:00:00,807.16,648.3204687900002,687.7094565832615
2018-05-09 11:00:00,699.63,652.0786368900001,729.6386863338947
2018-05-09 12:00:00,246.61,517.0049795199999,575.4969525951147
2018-05-09 13:00:00,124.46,230.16114912,295.7064406245947
2018-05-09 14:00:00,77.97,221.09986910999993,178.75086515396833
2018-05-09 15:00:00,78.76,49.15790778000001,87.67257446810603
2018-05-09 16:00:00,63.02,96.68286224000003,52.15333532385528
2018-05-09 17:00:00,31.91,123.91968314000006,45.95428237840533
2018-05-10 08:00:00,288.42,339.24552468999997,327.9725216782093
2018-05-10 09:00:00,573.62,570.91566078,466.2744462239742
2018-05-10 10:00:00,908.32,717.10361539,620.2620170652866
2018-05-10 11:00:00,1025.31,706.1356265900001,760.9931878674031
2018-05-10 12:00:00,472.93,624.00776164,724.3605573070049
2018-05-10 13:00:00,186.83,294.88728219999996,399.5572078227997
2018-05-10 14:00:00,140.48,166.20239812000008,211.311646758914
2018-05-10 15:00:00,367.68,86.47453250999999,115.24911428064108
2018-05-10 16:00:00,207.87,279.64756651000005,166.4236052826047
2018-05-10 17:00:00,18.06,199.02029996000002,71.22140899010003
2018-05-11 08:00:00,495.02,305.58733293999995,318.29705953896047
2018-05-11 09:00:00,705.3,704.26652267,651.5991678392887
2018-05-11 10:00:00,805.75,862.9793846900001,801.2589835131168
2018-05-11 11:00:00,972.13,782.1452984299999,745.6734467017651
2018-05-11 12:00:00,1012.14,584.20317098,732.9643651771546
2018-05-11 13:00:00,788.88,602.1577969900001,676.0655577743054
2018-05-11 14:00:00,575.15,479.96532263999984,501.4645150494576
2018-05-11 15:00:00,463.15,403.13768772000003,342.8874234491587
2018-05-11 16:00:00,174.39,307.40254228000003,230.3902410721779
2018-05-11 17:00:00,41.79,151.21240238000001,74.78159856498242
2018-05-12 08:00:00,332.3,298.70072067,396.5088612806797
2018-05-12 09:00:00,401.96,597.16697741,577.5821220964193
2018-05-12 10:00:00,601.48,710.9396436799999,595.8697176718712
2018-05-12 11:00:00,468.39,771.2255402999999,652.7772004544735
2018-05-12 12:00:00,869.85,473.66491635000006,480.0258326482773
2018-05-12 13:00:00,605.76,693.1090676699998,644.4968303310872
2018-05-12 14:00:00,384.37,453.85292328999986,426.5242409902811
2018-05-12 15:00:00,138.82,319.11041835,320.0946471977234
2018-05-12 16:00:00,282.46,59.762201590000004,140.7706035514176
2018-05-12 17:00:00,114.01,206.12615970000002,137.38097876384856
2018-05-13 08:00:00,280.06,315.62883551,366.4621032822132
2018-05-13 09:00:00,372.47,451.92003910999995,493.83752695441245
2018-05-13 10:00:00,330.4,563.5611562400001,531.2889664417505
2018-05-13 11:00:00,218.69,531.99420023,450.92766445934774
2018-05-13 12:00:00,96.07,497.22996921000004,328.3733382153511
2018-05-13 13:00:00,67.22,259.60438598,230.53452173262835
2018-05-13 14:00:00,81.24,181.27476674000002,193.55073068976404
2018-05-13 15:00:00,94.49,110.32354149000001,182.35961324304344
2018-05-13 16:00:00,85.29,131.3339069,145.2401644474268
2018-05-13 17:00:00,29.2,140.06376917000003,116.23730300098659
2018-05-14 08:00:00,271.02,249.66544903,237.26791073173285
2018-05-14 09:00:00,592.19,360.49937299,355.42124831020834
2018-05-14 10:00:00,652.89,580.31946123,534.7371850240231
2018-05-14 11:00:00,724.47,529.4851621700002,521.3051435261965
2018-05-14 12:00:00,471.34,615.03987711,510.14594657957554
2018-05-14 13:00:00,511.54,337.4930501499998,336.3273671382666
2018-05-14 14:00:00,488.17,378.96765686,328.6023962259293
2018-05-14 15:00:00,213.6,317.8120603699999,251.66204484790563
2018-05-14 16:00:00,133.56,227.42889166999998,151.1404196485877
2018-05-14 17:00:00,14.42,164.1256989,174.8369745746255
2018-05-15 08:00:00,505.56,246.51517752000007,329.7731876975298
2018-05-15 09:00:00,614.99,631.07810953,664.7767198705674
2018-05-15 10:00:00,795.98,627.43315338,721.8416887807846
2018-05-15 11:00:00,878.86,696.4315990200001,720.1449524116516
2018-05-15 12:00:00,989.41,620.30944255,648.3711569809914
2018-05-15 13:00:00,910.88,715.2362066700001,659.9557273864747
2018-05-15 14:00:00,225.53,620.6178123000001,559.4541465121508
2018-05-15 15:00:00,295.7,124.68012992999999,160.05304305285216
2018-05-15 16:00:00,46.18,199.4320495499999,154.62883182495833
2018-05-15 17:00:00,3.62,67.64609564,42.42258950203657
2018-05-16 08:00:00,95.33,316.98247267000005,356.9152676403523
2018-05-16 09:00:00,253.52,416.94796857999995,405.82233620345596
2018-05-16 10:00:00,418.05,542.6241556000001,463.47782562017443
2018-05-16 11:00:00,424.98,631.1951245600001,514.1953200048208
2018-05-16 12:00:00,572.49,540.0399929799999,450.9353953421116
2018-05-16 13:00:00,691.9,587.17043002,467.14723140478134
2018-05-16 14:00:00,341.04,457.63145842999984,477.2487666302919
2018-05-16 15:00:00,434.84,191.5720046,257.1584926047921
2018-05-16 16:00:00,130.04,231.1881955,262.7329313260317
2018-05-16 17:00:00,56.94,96.66220133999998,76.807632060349
2018-05-17 08:00:00,498.42,250.33105919000002,294.4087717241049
2018-05-17 09:00:00,701.96,512.5815404,654.1100606131554
2018-05-17 10:00:00,880.6,730.5214530000001,809.1866015017033
2018-05-17 11:00:00,796.27,849.2447538199998,836.6718137025833
2018-05-17 12:00:00,867.36,764.74152659,669.0419283485413
2018-05-17 13:00:00,789.25,768.1612637899999,645.5164673030376
2018-05-17 14:00:00,292.88,471.8973541999999,522.1593186181784
2018-05-17 15:00:00,290.79,263.39143408,212.3023366472125
2018-05-17 16:00:00,188.31,143.97261567000004,148.41238002061843
2018-05-17 17:00:00,43.18,182.18096575,74.54792301356792
2018-05-18 08:00:00,264.29,282.12552637,211.79012193739416
2018-05-18 09:00:00,326.82,464.77104251,503.2418135136366
2018-05-18 10:00:00,375.02,559.79904313,521.5530914765596
2018-05-18 11:00:00,268.3,537.3914908099999,487.7634318351746
2018-05-18 12:00:00,741.93,453.56486735000004,356.04895401299
2018-05-18 13:00:00,559.87,703.9698690899997,581.716745120287
2018-05-18 14:00:00,90.99,358.49271515,409.1776792484522
2018-05-18 15:00:00,105.56,134.16077179000007,172.72688084721565
2018-05-18 16:00:00,26.37,45.07573289999994,116.33428884923458
2018-05-18 17:00:00,16.85,84.94097875000001,58.68740047685802
2018-05-19 08:00:00,460.91,280.7021394,318.76584487795833
2018-05-19 09:00:00,592.39,514.13264706,625.3666384971142
2018-05-19 10:00:00,754.4,650.54227308,693.0795166504383
2018-05-19 11:00:00,812.42,715.9434255799999,695.524924299717
2018-05-19 12:00:00,867.02,787.87253889,638.63591168046
2018-05-19 13:00:00,585.23,688.9885344999997,612.2519130063057
2018-05-19 14:00:00,443.33,315.8548924199999,393.00845049440863
2018-05-19 15:00:00,250.11,274.3044529000001,278.20550609707834
2018-05-19 16:00:00,36.38,152.40593289999998,126.80945134207607
2018-05-19 17:00:00,70.19,125.52883571999999,57.62819083012641
2018-05-20 08:00:00,400.17,322.19186948000004,353.0570324206352
2018-05-20 09:00:00,654.99,509.9661998299999,592.0473733377456
2018-05-20 10:00:00,606.37,736.23669709,751.540871887207
2018-05-20 11:00:00,396.34,649.2120503399998,624.307472577095
2018-05-20 12:00:00,484.47,573.2242018099998,433.8853007107973
2018-05-20 13:00:00,233.64,440.3943599300001,409.3298482078314
2018-05-20 14:00:00,596.45,152.1269923099999,198.51442967265845
2018-05-20 15:00:00,444.86,376.9226836000001,335.7786143875122
2018-05-20 16:00:00,51.71,246.69118609000006,214.64698046028616
2018-05-20 17:00:00,8.58,131.48297404000002,71.71337823204696
2018-05-21 08:00:00,362.65,295.20418392,328.7817806911469
2018-05-21 09:00:00,476.05,544.28402052,560.9812582182884
2018-05-21 10:00:00,468.22,602.0143702399998,613.3994418668747
2018-05-21 11:00:00,372.6,499.84828888,522.3279288214445
2018-05-21 12:00:00,381.01,452.2998108899999,397.17315749645235
2018-05-21 13:00:00,361.3,374.51184036000006,346.9809783446789
2018-05-21 14:00:00,617.05,419.8705229199998,283.0968111348152
2018-05-21 15:00:00,208.45,428.07134473,360.78592124640943
2018-05-21 16:00:00,44.02,97.80873806000004,116.52813811093569
2018-05-21 17:00:00,37.63,116.26277514000003,63.5166791729629
2018-05-22 08:00:00,464.42,273.80695003,330.68053447186946
2018-05-22 09:00:00,497.44,599.0144625499998,634.6422985589504
2018-05-22 10:00:00,693.98,527.7116398699999,638.3130336356163
2018-05-22 11:00:00,591.47,538.26134884,670.4751850390435
2018-05-22 12:00:00,420.14,534.6649628999999,516.507868410945
2018-05-22 13:00:00,363.63,409.65423977,383.01686171472073
2018-05-22 14:00:00,366.84,466.9724983499999,299.8457861334086
2018-05-22 15:00:00,60.11,246.03746927999993,239.63217909336092
2018-05-22 16:00:00,186.65,20.245411289999993,53.894734157100324
2018-05-22 17:00:00,23.42,197.97593162,77.25669665202498
2018-05-23 08:00:00,174.93,312.38050403999995,338.5841902220249
2018-05-23 09:00:00,513.84,417.97931195999996,409.733393291831
2018-05-23 10:00:00,759.82,585.93891849,609.0744152462482
2018-05-23 11:00:00,930.75,636.1103585800003,721.9702802968026
2018-05-23 12:00:00,933.66,727.24728114,730.3257204401493
2018-05-23 13:00:00,864.45,678.7045371400002,667.4695857310295
2018-05-23 14:00:00,396.69,651.9227709699999,582.7336185640097
2018-05-23 15:00:00,58.0,172.18574662000015,273.1663697898388
2018-05-23 16:00:00,114.05,53.65118648000002,65.23453991688788
2018-05-23 17:00:00,34.04,110.15157803999996,40.239808860495685
2018-05-24 08:00:00,138.42,288.43068944000004,330.1726049798727
2018-05-24 09:00:00,530.6,414.73871247,393.96155290067196
2018-05-24 10:00:00,846.37,719.6780439599997,643.7200340294838
2018-05-24 11:00:00,843.34,877.2342281399999,834.568663777113
2018-05-24 12:00:00,749.54,773.9772458199999,712.5582628548145
2018-05-24 13:00:00,263.87,612.8753203699999,607.438406535387
2018-05-24 14:00:00,269.75,195.26486975,296.9261710327864
2018-05-24 15:00:00,226.94,101.23380295999998,217.55120375812055
2018-05-24 16:00:00,63.81,153.54336754999994,145.76219143152238
2018-05-24 17:00:00,79.62,71.66348332999998,35.36307356335223
2018-05-25 08:00:00,402.66,240.34823819000002,227.972853500247
2018-05-25 09:00:00,581.64,603.2171747399999,601.6205849325657
2018-05-25 10:00:00,865.37,780.3750928499999,698.3461717879773
2018-05-25 11:00:00,758.56,910.3149818099997,801.5820014834404
2018-05-25 12:00:00,550.08,698.89095163,626.8979829490185
2018-05-25 13:00:00,654.88,420.01361167000005,474.07361262202267
2018-05-25 14:00:00,400.81,409.66139248999997,459.14786662638187
2018-05-25 15:00:00,457.93,215.41763677000003,237.8407306650281
2018-05-25 16:00:00,388.86,313.66886257,238.32132221639156
2018-05-25 17:00:00,98.35,282.5780019800001,161.19110945284368
2018-05-26 08:00:00,231.61,283.39959939999994,133.57195358633996
2018-05-26 09:00:00,337.33,514.54667321,469.04073798000815
2018-05-26 10:00:00,546.87,634.30092549,516.045519644022
2018-05-26 11:00:00,657.96,636.13128214,610.166813467741
2018-05-26 12:00:00,453.3,596.0986246,625.307729870081
2018-05-26 13:00:00,299.41,393.6801265899998,438.4929768007994
2018-05-26 14:00:00,305.11,298.88162511,312.51355466008187
2018-05-26 15:00:00,110.62,298.6168724999999,258.59461776763203
2018-05-26 16:00:00,119.45,114.50960447,110.65747714877129
2018-05-26 17:00:00,63.62,130.25273735000007,85.56188605740667
2018-05-27 08:00:00,210.15,251.39579982000004,357.79882708311084
2018-05-27 09:00:00,398.96,403.95209444,445.27967740774153
2018-05-27 10:00:00,472.67,594.63513814,527.2030724662543
2018-05-27 11:00:00,667.08,560.8058360399999,511.9011717993021
2018-05-27 12:00:00,431.88,553.98197615,568.437607190609
2018-05-27 13:00:00,317.15,409.3217584399999,383.55165689885615
2018-05-27 14:00:00,142.85,284.86487782999984,288.8504769051075
2018-05-27 15:00:00,133.49,163.39396194,160.97261581599713
2018-05-27 16:00:00,96.77,174.73607365000004,119.95259559765458
2018-05-27 17:00:00,62.16,97.65511823999995,66.10715456351637
2018-05-28 08:00:00,470.29,227.19147147999996,332.6132551628351
2018-05-28 09:00:00,681.64,555.02472455,613.4936816775798
2018-05-28 10:00:00,861.28,704.5520671699999,744.4956939375401
2018-05-28 11:00:00,415.14,804.2084674399999,755.7965654325485
2018-05-28 12:00:00,554.2,353.00385313000004,435.1546696829796
2018-05-28 13:00:00,435.56,420.5715486600001,458.50284514546394
2018-05-28 14:00:00,183.9,299.03752239999994,312.3890559643507
2018-05-28 15:00:00,58.55,140.28818571000005,130.34038337364794
2018-05-28 16:00:00,101.09,96.18874016,57.830781061649326
2018-05-28 17:00:00,21.26,174.18420044000004,75.01614865064622
2018-05-29 08:00:00,447.52,302.86391718,319.56971675992014
2018-05-29 09:00:00,586.95,617.7033821799998,609.4057587826252
2018-05-29 10:00:00,507.41,674.93361179,680.5802533829212
2018-05-29 11:00:00,499.6,529.67338474,527.7106171631813
2018-05-29 12:00:00,441.71,444.1485263699999,454.7826813930273
2018-05-29 13:00:00,339.21,352.05126314999995,363.0171029859781
2018-05-29 14:00:00,331.53,238.48865513999993,247.36085803091527
2018-05-29 15:00:00,114.0,205.53345303999996,198.71618472397327
2018-05-29 16:00:00,109.4,103.28014650000003,69.32310996718705
2018-05-29 17:00:00,17.04,185.54324965000004,52.893908416852355
2018-05-30 08:00:00,426.85,352.16985813,351.81208044469355
2018-05-30 09:00:00,546.68,587.0114714600002,606.3108170557023
2018-05-30 10:00:00,825.51,621.9390928899998,658.0918500316143
2018-05-30 11:00:00,709.47,659.6254664200001,743.9846860849857
2018-05-30 12:00:00,623.38,596.9791463999998,579.1965822833777
2018-05-30 13:00:00,294.64,488.9112166199999,490.7673170560598
2018-05-30 14:00:00,172.25,216.22719956999998,248.80607834994794
2018-05-30 15:00:00,385.59,94.34263276000001,129.3456706278026
2018-05-30 16:00:00,327.36,293.88607678,178.35018854230643
2018-05-30 17:00:00,88.75,278.9237705600001,119.08992877811194
2018-05-31 08:00:00,489.03,375.61165411,342.83022890925406
2018-05-31 09:00:00,673.26,616.3756286199999,628.8159415018558
2018-05-31 10:00:00,857.58,727.0425435000002,762.2143874931336
2018-05-31 11:00:00,980.84,758.0965313,796.2348192322254
2018-05-31 12:00:00,854.88,730.9162742000001,764.8344221413136
2018-05-31 13:00:00,722.27,561.1461255999999,632.3585048389435
2018-05-31 14:00:00,96.23,495.0214330899999,515.4179538667203
2018-05-31 15:00:00,45.65,91.72831208999997,131.63190429836513
2018-05-31 16:00:00,34.58,117.38600828000001,63.02878963328898
2018-05-31 17:00:00,19.23,96.67977681999997,37.93686284042895
2018-06-01 08:00:00,522.42,344.81229753,350.7563776803017
2018-06-01 09:00:00,700.44,671.8048465600001,670.7698680996895
2018-06-01 10:00:00,808.16,867.3901186400001,770.8371552658082
2018-06-01 11:00:00,999.09,832.9820132899997,731.6936319315433
2018-06-01 12:00:00,953.42,793.52114845,750.9662679040432
2018-06-01 13:00:00,280.55,639.63904474,656.9431318044662
2018-06-01 14:00:00,334.14,106.39379342999997,240.6650914952159
2018-06-01 15:00:00,147.49,220.87096669999994,250.4481913098693
2018-06-01 16:00:00,149.83,101.68991712999997,109.28561276257038
2018-06-01 17:00:00,64.85,197.08107213000005,57.32850543357432
2018-06-02 08:00:00,492.16,377.80551532999993,386.8616990697384
2018-06-02 09:00:00,690.64,683.3623785100001,668.5045445430279
2018-06-02 10:00:00,852.41,849.99262435,782.9618380236626
2018-06-02 11:00:00,761.56,927.5952066200002,783.5149634456635
2018-06-02 12:00:00,684.78,688.2453589399998,632.0395447075367
2018-06-02 13:00:00,650.71,471.0018264299997,538.8413042932749
2018-06-02 14:00:00,428.82,344.2785530400001,426.8183643490076
2018-06-02 15:00:00,244.96,210.69406133999996,252.93335528612138
2018-06-02 16:00:00,169.43,197.62204760999995,122.54021126121283
2018-06-02 17:00:00,68.98,189.82305627999995,60.121050707772376
2018-06-03 08:00:00,210.28,376.808914,404.337097197175
2018-06-03 09:00:00,272.45,509.2063193,473.9980878442526
2018-06-03 10:00:00,382.39,579.7790092800001,473.4135491520166
2018-06-03 11:00:00,795.74,589.7975441799999,480.67774545907974
2018-06-03 12:00:00,471.69,744.37577199,690.2190200650692
2018-06-03 13:00:00,156.68,362.20813195,424.87885727226734
2018-06-03 14:00:00,203.3,210.75567617999997,240.69470322489738
2018-06-03 15:00:00,278.09,127.81688196000005,190.33606522411108
2018-06-03 16:00:00,300.93,216.17220036999996,174.7140325498581
2018-06-03 17:00:00,92.33,239.82081088999993,146.2890633353591
2018-06-04 08:00:00,273.28,277.92209685999995,316.25701600492
2018-06-04 09:00:00,517.94,435.92381335,462.7269505137205
2018-06-04 10:00:00,787.94,628.37346422,628.8013192892075
2018-06-04 11:00:00,721.52,792.0489288999999,770.965746781826
2018-06-04 12:00:00,721.66,590.3514695100001,629.6892863845825
2018-06-04 13:00:00,784.01,537.94980014,576.408497133851
2018-06-04 14:00:00,483.0,529.4549887100001,551.4634920948744
2018-06-04 15:00:00,481.99,352.1233091099999,325.0287344509363
2018-06-04 16:00:00,245.15,383.98109728,274.83673020601276
2018-06-04 17:00:00,76.5,176.71719542000008,114.81844114422799
2018-06-05 08:00:00,239.77,224.84342798000003,333.7616935390234
2018-06-05 09:00:00,434.22,420.31409309000003,468.9423353862763
2018-06-05 10:00:00,711.86,620.7739248199998,594.9543951451778
2018-06-05 11:00:00,846.54,794.8032850199997,742.5780851984024
2018-06-05 12:00:00,416.1,694.9089531999998,741.8167506623269
2018-06-05 13:00:00,807.15,390.26221367999995,424.7729336839914
2018-06-05 14:00:00,435.15,620.5466443399998,596.3375585138798
2018-06-05 15:00:00,334.65,348.84288689000005,317.91894591093063
2018-06-05 16:00:00,110.24,249.49806090999985,242.40275606721642
2018-06-05 17:00:00,60.86,58.27723856999996,70.3856690800935
2018-06-06 08:00:00,500.04,237.69989266000002,330.2985728931427
2018-06-06 09:00:00,703.4,605.9381398300001,695.5262535917759
2018-06-06 10:00:00,815.97,792.2243485299999,823.5575079882145
2018-06-06 11:00:00,919.67,807.1393359899997,785.8416443252563
2018-06-06 12:00:00,960.38,740.8142225199998,746.6556536078454
2018-06-06 13:00:00,901.49,846.7968235399999,702.4447989821434
2018-06-06 14:00:00,714.03,595.0431368000001,609.3666496109962
2018-06-06 15:00:00,467.42,495.1415001500002,444.43987965881826
2018-06-06 16:00:00,233.26,242.37611188000005,260.78408422350884
2018-06-06 17:00:00,98.78,168.85633274999998,97.78315237775445
2018-06-07 08:00:00,488.11,323.0624113399999,367.3612294346094
2018-06-07 09:00:00,680.84,646.68339741,691.850411235094
2018-06-07 10:00:00,846.47,791.5274425900001,819.8184892773628
2018-06-07 11:00:00,940.88,889.4030877199998,840.8981928598881
2018-06-07 12:00:00,980.33,794.7794411099999,794.3547804844379
2018-06-07 13:00:00,766.62,908.41236382,739.0190806174278
2018-06-07 14:00:00,681.22,547.3105251899999,558.9820729243755
2018-06-07 15:00:00,557.05,420.97872907000004,460.78796815752986
2018-06-07 16:00:00,278.31,295.49328178,300.2836829227209
2018-06-07 17:00:00,104.15,213.88417954000008,118.96570993334055
2018-06-08 08:00:00,503.74,356.13818956,405.84384974598885
2018-06-08 09:00:00,697.13,654.9228171300001,707.6149755012989
2018-06-08 10:00:00,843.87,813.9799867199998,828.7787573075294
2018-06-08 11:00:00,972.46,894.1854429699997,838.6149588418007
2018-06-08 12:00:00,405.76,912.87129568,826.0854716706276
2018-06-08 13:00:00,388.6,486.5662011299999,439.1300924921036
2018-06-08 14:00:00,225.69,411.88522200999995,393.2963121879101
2018-06-08 15:00:00,126.01,182.34541207999993,223.9119187322259
2018-06-08 16:00:00,89.69,112.63353442000005,129.15945605009796
2018-06-08 17:00:00,73.72,117.27497120999999,64.0954328211397
2018-06-09 08:00:00,491.34,355.49811854000006,395.66958825230597
2018-06-09 09:00:00,685.91,680.5429133800002,657.1599463355542
2018-06-09 10:00:00,861.58,810.8239351399998,755.3521621084213
2018-06-09 11:00:00,877.82,853.0893538100003,768.597647960186
2018-06-09 12:00:00,842.41,675.5017219799998,687.8625350582599
2018-06-09 13:00:00,758.04,627.9835576700001,618.741236987114
2018-06-09 14:00:00,618.88,509.75724851000007,513.6654571938515
2018-06-09 15:00:00,552.93,396.2231007700001,381.78034024894237
2018-06-09 16:00:00,239.07,340.0163234899999,287.8473511397839
2018-06-09 17:00:00,72.47,200.96046999999993,103.19080867230892
2018-06-10 08:00:00,483.89,375.58161069,394.72617568552494
2018-06-10 09:00:00,707.33,683.7332432499999,685.045975073576
2018-06-10 10:00:00,742.75,831.05710668,831.7182418262959
2018-06-10 11:00:00,848.46,806.6685925600001,755.8984311819077
2018-06-10 12:00:00,972.66,674.93214665,725.370749309063
2018-06-10 13:00:00,553.2,776.9444886499998,709.1865485286713
2018-06-10 14:00:00,163.92,425.00772620000004,416.52883924126627
2018-06-10 15:00:00,48.93,138.19085576000012,168.7562329950929
2018-06-10 16:00:00,14.64,34.96701780000001,62.3481265090406
2018-06-10 17:00:00,24.61,93.41133703999996,42.10878475002944
2018-06-11 08:00:00,425.8,335.67376979000005,376.0826096892357
2018-06-11 09:00:00,694.4,626.5630343700002,610.9256993079185
2018-06-11 10:00:00,834.21,816.7540404399999,759.9496236383915
2018-06-11 11:00:00,935.7,856.1921534700002,744.7178256368637
2018-06-11 12:00:00,728.9,835.08957098,717.6253142952919
2018-06-11 13:00:00,728.9,568.22640184,546.6088825142384
2018-06-11 14:00:00,664.11,460.5786353099999,507.1769377845526
2018-06-11 15:00:00,496.02,363.62473504999986,397.01923946857454
2018-06-11 16:00:00,302.5,272.37757538999995,254.2760801911354
2018-06-11 17:00:00,97.89,254.20286671000002,106.54989472389221
2018-06-12 08:00:00,406.23,363.50190749,382.4014694541693
2018-06-12 09:00:00,663.2,623.6074081800002,610.9216414690018
2018-06-12 10:00:00,888.78,790.3393911000001,789.935863866806
2018-06-12 11:00:00,900.53,917.32520521,876.335719896555
2018-06-12 12:00:00,868.45,815.4970826699999,765.2477620089054
2018-06-12 13:00:00,611.99,677.5941750500001,679.7216006755829
2018-06-12 14:00:00,432.88,431.06134564999996,457.3295699965954
2018-06-12 15:00:00,179.75,287.58133631000004,301.39633535742763
2018-06-12 16:00:00,269.46,115.72558195999994,120.38294515639544
2018-06-12 17:00:00,91.38,218.01441963999991,117.02524086892605
2018-06-13 08:00:00,502.52,332.3049270800001,402.49609765827654
2018-06-13 09:00:00,694.53,695.30604965,688.3000820338726
2018-06-13 10:00:00,863.67,817.2828882799998,799.9770562291145
2018-06-13 11:00:00,881.29,884.3861234099999,814.8355330502987
2018-06-13 12:00:00,890.04,757.1719833799999,718.5664530730247
2018-06-13 13:00:00,760.87,704.3383049299999,674.0031261634826
2018-06-13 14:00:00,445.22,557.1629945799999,543.92371255517
2018-06-13 15:00:00,167.66,267.10636573,318.5959753453732
2018-06-13 16:00:00,141.04,139.88471231,143.62650883197784
2018-06-13 17:00:00,25.74,141.96842635000002,65.31908114276827
2018-06-14 08:00:00,457.61,328.24709387999997,396.24387740314006
2018-06-14 09:00:00,686.81,658.1576537199999,663.5011591959
2018-06-14 10:00:00,834.44,835.44887579,795.3776357424259
2018-06-14 11:00:00,714.08,871.92126348,785.8301004731655
2018-06-14 12:00:00,388.54,710.93242908,615.215464707613
2018-06-14 13:00:00,277.57,387.63570317,392.94933197915555
2018-06-14 14:00:00,627.0,231.82342089999992,274.551702003479
2018-06-14 15:00:00,258.25,343.54773485999993,377.5566546571255
2018-06-14 16:00:00,21.38,196.88281315999998,155.17447123378517
2018-06-14 17:00:00,21.27,83.65933095999998,60.45222370997072
2018-06-15 08:00:00,487.72,339.42153657999995,364.28199434280396
2018-06-15 09:00:00,481.18,678.50383052,682.7220927035809
2018-06-15 10:00:00,537.49,669.0985439799999,645.8301802289486
2018-06-15 11:00:00,684.05,601.46415656,577.9731438499689
2018-06-15 12:00:00,453.32,593.8652331800001,577.7218376880884
2018-06-15 13:00:00,706.49,426.27621974,393.13613249480727
2018-06-15 14:00:00,449.52,569.3993919699998,478.7366292393208
2018-06-15 15:00:00,301.9,237.95694459,262.70541847854855
2018-06-15 16:00:00,275.98,209.76612500999994,164.35410743504764
2018-06-15 17:00:00,49.05,199.35834875,109.29672809287906
2018-06-16 08:00:00,372.94,343.17246676,372.89160912036897
2018-06-16 09:00:00,510.52,567.8222155899999,584.1095407891273
2018-06-16 10:00:00,686.64,608.4560454299999,661.280471867323
2018-06-16 11:00:00,852.25,659.6181105100001,694.020795353651
2018-06-16 12:00:00,710.33,657.4225159299998,708.2743743252754
2018-06-16 13:00:00,450.24,636.88861559,561.1590335404873
2018-06-16 14:00:00,230.56,437.70303118999993,383.8532662707567
2018-06-16 15:00:00,239.0,144.34192558,210.83418604016305
2018-06-16 16:00:00,158.86,170.05781297999994,138.75767057910562
2018-06-16 17:00:00,66.78,158.12770881999998,69.7163661557436
2018-06-17 08:00:00,387.86,335.22454431,358.5557889479399
2018-06-17 09:00:00,639.95,512.17399207,589.3583554279804
2018-06-17 10:00:00,811.69,711.49785582,744.5799990391731
2018-06-17 11:00:00,901.87,831.2886595300001,766.3699643576145
2018-06-17 12:00:00,973.62,706.7575863799998,717.1998708736896
2018-06-17 13:00:00,814.39,750.3348242099999,701.3085341227055
2018-06-17 14:00:00,636.28,510.6753198699999,559.9418567723036
2018-06-17 15:00:00,371.71,394.5641361599999,416.21432174384597
2018-06-17 16:00:00,190.45,255.47127256000005,215.37663936585187
2018-06-17 17:00:00,52.01,157.9963646,78.27755797192455
2018-06-18 08:00:00,395.24,289.06040188000003,374.87883078575135
2018-06-18 09:00:00,644.11,581.8544576,622.6291364085674
2018-06-18 10:00:00,871.09,795.49774078,783.1624211990834
2018-06-18 11:00:00,908.43,921.1863477800002,853.2725726366043
2018-06-18 12:00:00,890.13,822.2980214400002,756.2999473464489
2018-06-18 13:00:00,716.06,701.6069007300001,681.7146992111207
2018-06-18 14:00:00,617.82,503.88821832,527.7176833999157
2018-06-18 15:00:00,571.31,380.71402718999997,422.01962001621723
2018-06-18 16:00:00,216.16,326.2513206499999,317.94843520581725
2018-06-18 17:00:00,79.26,155.70021388000004,92.03528476953507
2018-06-19 08:00:00,203.29,309.16913891999997,377.06855960190296
2018-06-19 09:00:00,533.05,476.1810364,479.20824806928636
2018-06-19 10:00:00,863.19,750.6997521500001,685.1229340875149
2018-06-19 11:00:00,979.66,899.5438526000002,874.8513904058933
2018-06-19 12:00:00,779.51,913.24051569,842.1370930588246
2018-06-19 13:00:00,642.28,681.1185561299998,648.4562316727638
2018-06-19 14:00:00,763.5,530.80065099,529.9145484155416
2018-06-19 15:00:00,626.55,506.00193055000005,525.8875280857086
2018-06-19 16:00:00,147.23,341.10335783,359.3467876857519
2018-06-19 17:00:00,51.8,85.15251083999999,78.86314610525966
2018-06-20 08:00:00,371.16,226.76772032,334.4334407866001
2018-06-20 09:00:00,566.51,579.97756245,607.4009764695168
2018-06-20 10:00:00,721.72,789.1935475099999,727.7593472135068
2018-06-20 11:00:00,936.67,809.0005206499999,761.2525397443771
2018-06-20 12:00:00,902.66,835.5968039400001,815.1405006337166
2018-06-20 13:00:00,735.55,757.5584569399999,698.2886624157429
2018-06-20 14:00:00,221.21,638.7210738000001,564.2245909166336
2018-06-20 15:00:00,352.17,229.36839949000006,235.85942085117102
2018-06-20 16:00:00,109.69,169.01500774999997,237.93677201628685
2018-06-20 17:00:00,45.32,64.30454897999999,63.82361008577049
2018-06-21 08:00:00,482.41,237.26183162000004,308.77257699251174
2018-06-21 09:00:00,707.04,646.6881588299998,688.6060290956498
2018-06-21 10:00:00,860.41,850.0483452000001,822.5878943753243
2018-06-21 11:00:00,948.78,905.12689902,815.815081372261
2018-06-21 12:00:00,987.33,814.5882754799997,757.0104889333248
2018-06-21 13:00:00,911.02,780.8084679399998,723.5587143445015
2018-06-21 14:00:00,750.57,623.6398197500001,622.5206241989135
2018-06-21 15:00:00,538.29,484.18294848999994,471.05237664163116
2018-06-21 16:00:00,126.12,247.17247846000015,279.2310199391842
2018-06-21 17:00:00,82.26,132.5704885600001,63.596362361088396
2018-06-22 08:00:00,488.14,328.15276441000003,396.52407817661765
2018-06-22 09:00:00,664.58,644.2872789599999,698.2906213724614
2018-06-22 10:00:00,834.21,821.3561130300003,800.8261240410804
2018-06-22 11:00:00,933.81,922.6056654500001,819.0395241308213
2018-06-22 12:00:00,637.7,875.7713686799997,776.9595946383477
2018-06-22 13:00:00,725.82,628.29476281,540.1644746124745
2018-06-22 14:00:00,363.73,511.5479019100001,544.3696550595761
2018-06-22 15:00:00,221.94,260.73566674,272.05557136774064
2018-06-22 16:00:00,137.34,94.00439623,140.10723434194924
2018-06-22 17:00:00,60.64,131.37931503000004,61.62733100809157
2018-06-23 08:00:00,314.89,350.04265584,408.0583803534508
2018-06-23 09:00:00,682.84,567.7702484199999,557.7151176667213
2018-06-23 10:00:00,855.83,811.7175712,777.7435271394253
2018-06-23 11:00:00,692.35,876.4531946900001,815.9629126417638
2018-06-23 12:00:00,643.44,672.75503839,613.189973423481
2018-06-23 13:00:00,499.82,623.5360866999999,543.3165409165621
2018-06-23 14:00:00,381.57,374.4019541299999,398.0277873462439
2018-06-23 15:00:00,359.67,258.70394667,279.2203506213427
2018-06-23 16:00:00,67.3,179.64534629000008,193.21083420842888
2018-06-23 17:00:00,75.81,106.55231400999999,56.8100640399009
2018-06-24 08:00:00,482.71,353.1009270300001,390.15988255620005
2018-06-24 09:00:00,614.19,667.9720659199999,676.4128528153897
2018-06-24 10:00:00,550.44,759.0974756400001,739.6306948900223
2018-06-24 11:00:00,482.62,646.4890188,591.7100130057335
2018-06-24 12:00:00,455.03,468.21692128000007,476.3577561557293
2018-06-24 13:00:00,540.78,463.4674478799997,400.63047123491765
2018-06-24 14:00:00,564.56,402.9906856499998,381.1651228952408
2018-06-24 15:00:00,193.63,381.04542386999987,337.7304698878527
2018-06-24 16:00:00,159.21,109.66645728000006,119.98890625968576
2018-06-24 17:00:00,124.23,187.71630387999997,79.07318299591542
2018-06-25 08:00:00,386.57,350.33508946,395.4938418495655
2018-06-25 09:00:00,713.68,592.1354456100001,578.9538115757704
2018-06-25 10:00:00,814.82,728.2179830100001,782.585998184681
2018-06-25 11:00:00,475.9,681.2299739800003,761.3059912776947
2018-06-25 12:00:00,726.72,475.6121272,482.16987579524516
2018-06-25 13:00:00,528.64,633.1577080599999,566.6869295489788
2018-06-25 14:00:00,266.42,438.4954335199999,378.37556852817534
2018-06-25 15:00:00,206.89,199.41973629,208.2331987479329
2018-06-25 16:00:00,125.6,120.88891631000001,115.11814403146505
2018-06-25 17:00:00,55.23,185.55618106,59.01672383911908
2018-06-26 08:00:00,183.56,365.95310120999994,379.1263037091494
2018-06-26 09:00:00,390.76,459.44263791999987,436.6182552212477
2018-06-26 10:00:00,587.83,531.0504774599998,528.1866086643935
2018-06-26 11:00:00,770.04,565.7384135199999,599.6819174087047
2018-06-26 12:00:00,736.9,705.9127011299998,640.3959643292427
2018-06-26 13:00:00,291.9,599.2002047199999,553.1038384956122
2018-06-26 14:00:00,326.37,276.60963305000007,283.5998432350159
2018-06-26 15:00:00,489.1,185.99355932,253.68109955996275
2018-06-26 16:00:00,224.54,305.05390351999995,265.149759196043
2018-06-26 17:00:00,125.34,215.62706041,105.41483672171832
2018-06-27 08:00:00,237.0,291.43466907000004,343.9561043018103
2018-06-27 09:00:00,265.97,444.76327971,445.71802895486354
2018-06-27 10:00:00,405.5,525.2343616,456.8006516826153
2018-06-27 11:00:00,440.96,521.5407457499998,513.5819916450978
2018-06-27 12:00:00,527.03,541.39140939,486.9078225070238
2018-06-27 13:00:00,233.39,429.44772294999996,477.20591445207594
2018-06-27 14:00:00,341.58,231.7893482099999,277.3771822375059
2018-06-27 15:00:00,299.39,330.67289888,275.9332737198472
2018-06-27 16:00:00,130.0,232.72872585999997,196.29368987202645
2018-06-27 17:00:00,28.72,145.3277836000001,97.46714817211033
2018-06-28 08:00:00,267.04,141.95780527000002,206.8971377938986
2018-06-28 09:00:00,369.02,385.34044142000005,479.45805003225803
2018-06-28 10:00:00,487.38,527.69135589,531.6678846412897
2018-06-28 11:00:00,389.92,560.6467110899999,536.6709201747179
2018-06-28 12:00:00,380.54,439.53215474999996,401.5755279260874
2018-06-28 13:00:00,251.22,306.61134310999995,349.00814873456955
2018-06-28 14:00:00,220.95,305.97749203,242.29137538522482
2018-06-28 15:00:00,249.78,273.66193280999994,187.53402250796557
2018-06-28 16:00:00,224.62,196.8552571,155.52947966694833
2018-06-28 17:00:00,62.75,204.81374500999996,109.54602282598616
2018-06-29 08:00:00,187.88,216.87821918999998,314.6327260529995
2018-06-29 09:00:00,394.44,329.76025000999994,400.4590625220537
2018-06-29 10:00:00,703.64,504.6600207900001,523.0042586284876
2018-06-29 11:00:00,561.09,612.4026836200002,689.8146354281903
2018-06-29 12:00:00,362.7,500.38379521999997,510.80628990054134
2018-06-29 13:00:00,322.17,293.42212821,365.84006456136706
2018-06-29 14:00:00,239.27,324.3825871800001,294.81193201303483
2018-06-29 15:00:00,311.56,242.9062462400001,199.51131126344205
2018-06-29 16:00:00,124.25,251.64769476999993,175.16214389920236
2018-06-29 17:00:00,49.65,126.12420611999995,67.657625079453
2018-06-30 08:00:00,260.07,240.8599146,332.2734811162949
2018-06-30 09:00:00,236.12,420.3132329199999,470.7546152204275
2018-06-30 10:00:00,298.24,466.00742309000003,430.39419496893885
2018-06-30 11:00:00,446.81,387.2313657099999,404.02698735237124
2018-06-30 12:00:00,688.86,405.2561104799999,435.5019647240639
2018-06-30 13:00:00,183.01,521.4635910200001,520.2641679185629
2018-06-30 14:00:00,353.65,205.43137694999993,237.25682163745165
2018-06-30 15:00:00,357.99,339.45771097,272.4614951848984
2018-06-30 16:00:00,114.08,251.47375298999992,216.74449838519098
2018-06-30 17:00:00,16.56,123.23936734,81.03024197503925
